id,sequence,Y,partition
0,ILPNDK,0,0
1,VDKPPYLPRPRPPRRCYNR,0,0
2,MAQLCGLRRSRAFLALLGSLLLSGVLA,0,0
3,RPPGFS,0,0
4,GAGVLTPFTWRRFHM,0,0
5,QVHPQKVTK,0,0
6,VIPFVASVAAEMVQHVYCATSKRC,0,0
7,QRGMI,1,0
8,YTDAPSF,0,0
9,GLFGGGGGF,0,0
10,AFHHVAREL,0,0
11,FPPEQPFPQ,0,0
12,DLRNIFLKIKFKKK,1,0
13,IDTDFSVIK,0,0
14,ADLPFEF,1,0
15,AGIFWEQ,1,0
16,QKKDKKDR,0,0
17,RRWWCRP,0,0
18,LWFHWK,0,0
19,MHMNVQKGKWDKDPK,0,0
20,WKAELAPGAVGALQAFLQLANAKIK,1,0
21,SRNAT,1,0
22,YSTCDAIM,1,0
23,EVGGEALGR,0,0
24,KGLSATVTGGQKGRGYRGQH,0,0
25,APRASRPSL,0,0
26,RPKSNIVLL,0,0
27,GLEEELQFSLGSKINVK,0,0
28,MTSKLAVALLAAFL,0,0
29,ASQVRPSQR,0,0
30,YNPCASYL,1,0
31,SLYFGGICV,0,0
32,PGPDAAGPA,0,0
33,TGAPCR,0,0
34,RQAHCNISRAKWNNT,0,0
35,DEVGIVTKY,0,0
36,GKCVLVTL,1,0
37,RIPTSTGFF,1,0
38,MAARLCCQ,0,0
39,KTKTCTVLY,1,0
40,MKKDVVIESIKEVSLEELDQIIGAGNGVFKTISHECHLNTWAFLATCCS,0,0
41,SQKGVYASQRSFVPSWFRKIFRN,1,0
42,GFGSFLGKALKAGLKLGANLLGGAPEE,0,0
43,VTQYLNATGNRWCSWSLSQAR,0,0
44,CDFIF,1,0
45,IRSENITNN,0,0
46,RPSYT,0,0
47,ILPYFAGCL,1,0
48,ALILTLVS,1,0
49,VLHKRTLGL,0,0
50,RAKWNNTLK,0,0
51,PITNF,1,0
52,GNNRPIYIPQPRPPHPR,0,0
53,PVAFPVLY,0,0
54,CVLVTL,1,0
55,TREWDG,1,0
56,SSACVWCV,1,0
57,PMVAGGGCFGMKMDRIGSISGLGC,0,0
58,DWRISETIRNLIFPRRK,1,0
59,ALAKAANAV,0,0
60,CEKRGDNLC,0,0
61,LFSLVLAG,1,0
62,RCLCVLGIC,0,0
63,HDHHAAVGGGGGGGGGGA,0,0
64,KGCGTRQCW,0,0
65,CVMSKHQHC,0,0
66,LRWLRRL,0,0
67,QNILFSNAPLGPQFP,0,0
68,DIIIVGG,1,0
69,DIRHRINNSIWRDIFLKRK,1,0
70,FGHLFKFATKIIPSLFQ,0,0
71,GIFWAQ,1,0
72,VEELKP,0,0
73,TPIAEAQGAPEDVDDRRELE,0,0
74,YKPITN,1,0
75,SGAGY,0,0
76,IAILAPGAKGALMGANMKAAHASIHVK,1,0
77,YTNGNWVPS,1,0
78,YSPITNF,1,0
79,MLDWKY,1,0
80,YPQPQPF,0,0
81,YNPCANY,1,0
82,SRNVT,1,0
83,CLGVGSCNDFAGCGYAIVCFW,1,0
84,GPDSSFLRL,0,0
85,EGIIVIVVG,1,0
86,KKIGAIKKWGAIKKIGAI,0,0
87,MRLWFCLSFFIVLCLEHFTGTLA,0,0
88,KYNPCASYL,1,0
89,ATWVCGPCT,0,0
90,SYIPLAEKI,0,0
91,PWLTPGF,0,0
92,ARKKHRCRVYNNGLPTGLYRWC,0,0
93,TGEDFLEECMGGCAFDFCCKR,0,0
94,APSDFMRF,0,0
95,MQFITDLIGKAVDFFKGLFGNK,0,0
96,IAILPYFAGCL,1,0
97,DSACVVGI,1,0
98,PWTNF,1,0
99,FPVRPQVPA,0,0
100,GANPCALYY,1,0
101,ALDSMERE,0,0
102,KSSAYSLQMGATAIKQVKKLFKKWGW,1,0
103,FPFPRPP,0,0
104,SPPFAPRL,0,0
105,SRYWAIRTA,0,0
106,DSFEETNED,0,0
107,MAWAPLLLTLLAHCTDCWA,0,0
108,ERGMT,1,0
109,DSACVFGA,1,0
110,FPPFG,1,0
111,GEKEEDEDEQPRPIPFPRPQPRQE,0,0
112,LVVYPWTQRFFESFGDL,0,0
113,SLAAGVKLL,0,0
114,KYYPCFGYF,1,0
115,YSTCSSLF,1,0
116,VAVLVLGA,1,0
117,LPNIPVQTISRAAAEKLF,0,0
118,KGPWQEEDAAYGWMDF,0,0
119,DMCNGYF,1,0
120,ARNQT,1,0
121,VPFEF,1,0
122,YGGFMRGY,0,0
123,HFLLTKVNLAKKIL,0,0
124,FRHEA,0,0
125,EDDDKFVRLS,0,0
126,AWVAWRNRQK,0,0
127,SPNIFGQWM,1,0
128,SDLPFEH,1,0
129,ALATAAAAV,0,0
130,YQQMGARLM,0,0
131,PQQPIPEQPQPYPQQP,0,0
132,LALWGPDPAA,0,0
133,DICNAYF,1,0
134,YPAEITLYW,0,0
135,KAAAAKKSPKKPKKPAAAKK,0,0
136,NNNWNNN,1,0
137,MDWHY,1,0
138,LVMCCVGIW,1,0
139,SSACYWCV,1,0
140,APCTYPGQQCKSDDECCHGTCKTAFIGRICMR,0,0
141,LFVVTLVG,1,0
142,GVNPCGGWF,1,0
143,LPFEF,1,0
144,NNWNN,1,0
145,SYPGWSW,1,0
146,APMGFYGT,0,0
147,SRKAT,1,0
148,YNPCVGYF,1,0
149,SLLEIGEGV,0,0
150,GRSPRRRTPSPRRRRSQSPRRRR,0,0
151,DRVGA,1,0
152,HPEDTGQVF,0,0
153,ASDYKSAHKGFKGVD,0,0
154,DSACYVSA,1,0
155,QAPRDGVHSLAQLLNSTP,0,0
156,GCCSNPPCARLNPAC,0,0
157,ADPITRQWGD,1,0
158,FIGGLRRLFATVVGTVVCAINKLGGG,0,0
159,SIFTLVA,1,0
160,SISVLISAL,0,0
161,GVNASSSLF,1,0
162,PGQLQSF,0,0
163,ELVSEFSRV,0,0
164,FLKALKKLL,0,0
165,IGKTMMQSGGTFGTFMAIGMGIRC,0,0
166,ASNENMEDA,0,0
167,CWWRLEGC,0,0
168,VGPRYTNL,0,0
169,NMVIKSCGFRPGSPGSRGYCQ,0,0
170,KLLLRRLQ,0,0
171,WYLHYA,0,0
172,ILELA,0,0
173,AAASTAAAY,0,0
174,RTRKGRK,0,0
175,NNGNN,1,0
176,LDWKY,1,0
177,KPKDELNY,0,0
178,GLWKILKKGA,0,0
179,AYGGGGTLA,0,0
180,PKLLKTFLSKWKKIG,0,0
181,WPFAHWPWQYPR,1,0
182,TNGNWVPS,1,0
183,AIFWEQ,1,0
184,LAVLFINSI,0,0
185,AITLIFI,1,0
186,DSVCASYF,1,0
187,WWVAARAARR,0,0
188,AGPAIRAAVKQAQKLKARLFVAAKGKNGAL,1,0
189,MRLCKFTALSSLLFSLLLLSASA,0,0
190,DRRDPRGIIGIGKKLFG,1,0
191,VEYHFLSPYVSPRE,0,0
192,ALAFQ,0,0
193,EQLSFTSIGILQLLTIGTRSCWFFYCRY,1,0
194,AIFILAS,1,0
195,ILNHNFCNL,0,0
196,VIDGACPD,0,0
197,ASTCDFIM,1,0
198,LSYCG,0,0
199,SRWRWKS,0,0
200,MPLWE,0,0
201,YAFEVVG,0,0
202,GEVGGGGGY,0,0
203,STCAFIM,1,0
204,MAGNSSNFIHKIKQIFTHR,1,0
205,YSPCTNF,1,0
206,DPITRQWGD,1,0
207,CVGIW,1,0
208,FLKMLKKLL,0,0
209,CDFIM,1,0
210,YSPWTNF,1,0
211,LPYFAGCL,1,0
212,SGWMDYINGFLKGFGGQRTLPTKDYNIPQV,1,0
213,GAFWEQ,1,0
214,IFWEQ,1,0
215,KWSFRVCYRGICYRRAR,0,0
216,CLWSTGATC,0,0
217,RWCVYAYVRVRGVRVRYRRCW,0,0
218,APTLWARMI,0,0
219,YSPCTNFF,1,0
220,NGKCVLVTL,1,0
221,AKDEH,1,0
222,DSACHLGI,1,0
223,YVPHWDL,0,0
224,CSGLF,1,0
225,NVGVLNPPPLV,0,0
226,MFTMKKSMLLLFFLGTISLSLC,0,0
227,DEVPR,0,0
228,AILPYFAGCL,1,0
229,YSTSDFIM,1,0
230,ENLHLPLPLL,0,0
231,CGSLF,1,0
232,AFLPGGGGVALEAI,1,0
233,GKAEF,1,0
234,GIFWEQ,1,0
235,AMDSPLIRF,0,0
236,GLKLDRIGT,0,0
237,YKPWTNF,1,0
238,EIRQTHNIFFNFFKRR,1,0
239,CNNVGSYC,0,0
240,IKARASP,0,0
241,LPFEH,1,0
242,ERPVG,1,0
243,PVVHFFKNIVT,0,0
244,GNWNN,1,0
245,GNPWM,0,0
246,GAKPCGGFF,1,0
247,NEVPFEF,1,0
248,GVNACSSLF,1,0
249,MKAEH,1,0
250,MKKVNKALLFTLIMDILIIVGG,1,0
251,QIIGYVIGT,0,0
252,RYLENGAETL,0,0
253,QDGPIPP,0,0
254,DIIIIVGG,1,0
255,VSAFLA,0,0
256,FLMESH,0,0
257,IPAIN,0,0
258,LYNIRNLHI,0,0
259,DSRIRMGFDFSKLFGK,1,0
260,DRKLRINSL,0,0
261,DLRGVPNPWGWIFGR,1,0
262,CCVVCNAGCSGNCCS,0,0
263,NNLLRAIEA,0,0
264,DKRLPYFFKHLFSNRTK,1,0
265,ISTQNHRALDLVA,0,0
266,LIRELRQRIRRPIHRIARCARQVV,0,0
267,CYLVNVDC,0,0
268,LLEYVF,0,0
269,IALLLMASQEPQRM,0,0
270,IFIGVGALL,0,0
271,NWKCFFERL,0,0
272,VLIQRNPQL,0,0
273,YNPCLGFI,1,0
274,KLLPVEHNL,0,0
275,CSSLF,1,0
276,KWKLF,0,0
277,GVALQTMKQ,0,0
278,NGWNN,1,0
279,GQHGVHG,0,0
280,ILSGAPCIPW,1,0
281,ALAELPHEL,0,0
282,MKKISKFLPILILAMDIIIIVGG,1,0
283,FKLKQ,0,0
284,QYDDAVYRL,0,0
285,YSTCSYYF,1,0
286,VGSRYLCTPGSCWKLVCFTTTVK,1,0
287,KYNPCANYL,1,0
288,DFYTSITRARFEE,0,0
289,WRTWGTARQ,0,0
290,NVWKKILGKIIKVAK,0,0
291,KNWKGIAGMAKKLLGKNWKLMKK,0,0
292,LNNCLLLGTEVSEALGGAGLTGG,0,0
293,GTEVSEALGGAGLTGGFY,0,0
294,GLWEDILYSLNIIKHNNTKGLHHPIQL,1,0
295,GLWEDLLYNINRYAHYIT,1,0
296,YYGNGLYCNKEKCWVDWNQAKGEIGKIIVNGWV,0,0
297,VNYGNGVSCSKTKCSVNWGQAFQERYTAGINSFVSGVASGAGSIGRRP,1,0
298,EMRKPDGALFNLFRRR,1,0
299,EMRKSNNNFFHFLRRI,1,0
300,GLPICGETCVGGSCNTPGCSCSWPVCTRN,0,0
301,GSAFCGETCVLGTCYTPDCSCKAVVCIKN,0,0
302,ESRISDILLDFLFQRKK,1,0
303,ESRLPKIRFDFIFPRKK,1,0
304,ESRVSRIILDFLFQRKK,1,0
305,EMRISRIILDFLFLRKK,1,0
306,ESRLPKILLDFLFLRKK,1,0
307,EMRLPKILRDFIFPRKK,1,0
308,EMRLSKFFRDFILQRKK,1,0
309,QNCPNIFGQWM,1,0
310,QASPNIFGQWM,1,0
311,ANSPNIFGQWM,1,0
312,QNSPNIFGQFM,1,0
313,QNSPNIFGQWM,1,0
314,QNDPNIFGQWM,1,0
315,AASPNIFGQWM,1,0
316,QNHPNIFGQWM,1,0
317,NKSVIKGNPASNLAQCVFSFFKKC,1,0
318,AGTKPQGKPASNLVECVFSLFKKCN,1,0
319,GKPASNLVECVFSLFKKCN,1,0
320,AGTKPQGKPASSISKCVFSFFKKC,1,0
321,SKNSQIGKSTSSISKCVFSFFKKC,1,0
322,GKATSSISKCVFSFFKKC,1,0
323,SINSQIGKATSSISKCVFSFFKKC,1,0
324,SINSQIGKATSNLVECVFSLFKKCN,1,0
325,SNLVECVFSLFKKCN,1,0
326,TNRNYGKPNKDIGTCIWSGFRHC,1,0
327,SGSLSTFFRLFNASFTQALGK,1,0
328,SGSLSTFFRLFNFSFTQALGK,1,0
329,SGSLSTFFRLFNRSFTQALGV,1,0
330,LSTFFRLFNRSFTQALGK,1,0
331,SGSLSTFFRLFNRSFTQALGK,1,0
332,SGSLSTFFRLQNRSFTQALGK,1,0
333,SLSTFFRLFNFSFTQALG,1,0
334,SGSLSTFFRLFNRSFTQALK,1,0
335,SGSLSTFFRLFNRSFTQ,1,0
336,SLSTFFRLFNRSFTQALGK,1,0
337,SGSLSTFFLLFNRSFTQALGK,1,0
338,SGSLSTFFRLFNRSFTQAL,1,0
339,SGSLSTFFRLFLRSFTQALGK,1,0
340,SGSLSTFFRLFNRSQTQALGK,1,0
341,SGSLSTQFRLFNRSFTQALGK,1,0
342,SGSLSTFFRLFNRSFTQALGA,1,0
343,GSLSTFFRLFNRSFTQALGK,1,0
344,SGTLSTFFRLFNRSFTQA,1,0
345,SGSLSTFFRLFNRSFTQA,1,0
346,STFFRLFNRSFTQALGK,1,0
347,SGSLSTFFRLFNRSFTQALG,1,0
348,SGSLSTFFRLFNRSFTQAGK,1,0
